,budget,popularity,runtime,release_day,release_weekday,release_month,release_year
553,22182758.620689657,4.769347,96.0,5,4,3,1993
2710,37829905.98850574,1.6971180000000001,77.0,16,0,5,2011
2520,7777857.142857143,5.810716,134.0,8,2,9,1976
1575,22368965.51724138,4.668541,89.0,26,4,10,1990
2090,22182758.620689657,1.1458059999999999,98.0,8,4,10,1993
